antecedents,consequents,antecedent support,consequent support,support,confidence,lift,representativity,leverage,conviction,zhangs_metric,jaccard,certainty,kulczynski
"frozenset({'DOLLY GIRL CHILDRENS CUP', 'SPACEBOY CHILDRENS BOWL'})","frozenset({'SPACEBOY CHILDRENS CUP', 'DOLLY GIRL CHILDRENS BOWL'})",0.02947845804988662,0.024943310657596373,0.024943310657596373,0.8461538461538461,33.92307692307692,1.0,0.024208020320751127,6.337868480725623,0.9999999999999999,0.846153846153846,0.8422182468694096,0.9230769230769231
"frozenset({'SPACEBOY CHILDRENS CUP', 'DOLLY GIRL CHILDRENS BOWL'})","frozenset({'DOLLY GIRL CHILDRENS CUP', 'SPACEBOY CHILDRENS BOWL'})",0.024943310657596373,0.02947845804988662,0.024943310657596373,1.0,33.92307692307692,1.0,0.024208020320751127,inf,0.9953488372093022,0.846153846153846,1.0,0.9230769230769231
frozenset({'RECYCLED ACAPULCO MAT TURQUOISE'}),frozenset({'RECYCLED ACAPULCO MAT LAVENDER'}),0.027210884353741496,0.022675736961451247,0.02040816326530612,0.75,33.075,1.0,0.01979113640921221,3.909297052154195,0.996891996891997,0.6923076923076923,0.744199535962877,0.825
